skills,interests,career

Python Machine Learning Statistics,Artificial Intelligence Data,Data Scientist
Python Pandas NumPy,Data Analysis Visualization,Data Scientist
Feature Engineering Data Cleaning,Analytics Modeling,Data Scientist
Exploratory Data Analysis Python,Data Insights Business,Data Scientist
Big Data Processing Hadoop,Data Science Research,Data Scientist
Regression Classification Modeling,Data Driven Decisions,Data Scientist
SQL Data Query Optimization,Analytics Reporting,Data Scientist
Time Series Forecasting Python,Data Trends Analysis,Data Scientist

Python SQL Data Visualization,Data Analysis Business,Data Analyst
Excel SQL Reporting,Business Intelligence Data,Data Analyst
Power BI Tableau Dashboards,Data Insights Reporting,Data Analyst
KPI Analysis Metrics,Business Performance Analysis,Data Analyst
Data Cleaning SQL Queries,Analytics Reporting Strategy,Data Analyst
Statistical Reporting Business Data,Decision Support Systems,Data Analyst
Database Management SQL,Data Extraction Analysis,Data Analyst
Visualization Charts Graphs,Data Interpretation Insights,Data Analyst

AI Deep Learning Python,Artificial Intelligence Research,AI Engineer
Neural Networks Computer Vision,Image Processing Systems,AI Engineer
NLP Transformers Language Models,AI Text Systems,AI Engineer
Reinforcement Learning Algorithms,Advanced AI Models,AI Engineer
TensorFlow PyTorch Training,Machine Learning Deployment,AI Engineer
Speech Recognition Models,Voice Technology AI,AI Engineer
Chatbot Development NLP,Conversational AI Systems,AI Engineer
Computer Vision Detection,AI Automation Systems,AI Engineer


Statistics R Python,Data Modeling Analytics,Machine Learning Engineer
Model Deployment MLOps,Production ML Systems,Machine Learning Engineer
Feature Selection Hyperparameter Tuning,Model Optimization,Machine Learning Engineer
Scikit Learn XGBoost,Supervised Learning Systems,Machine Learning Engineer
Predictive Modeling Pipelines,ML Production Engineering,Machine Learning Engineer
Classification Regression Pipelines,ML Applications,Machine Learning Engineer
Data Preprocessing Engineering,ML Workflow Automation,Machine Learning Engineer
Model Evaluation Optimization,Machine Learning Systems,Machine Learning Engineer


Java OOP System Design,Software Development Coding,Software Engineer
C++ Algorithms Data Structures,Problem Solving Systems,Software Engineer
System Architecture API Design,Backend Software Systems,Software Engineer
Debugging Testing Optimization,Application Development,Software Engineer
Microservices Spring Boot,Enterprise Systems,Software Engineer
Object Oriented Programming,Software Engineering Solutions,Software Engineer
Code Review Version Control,Development Best Practices,Software Engineer
REST API Development,Application Backend Systems,Software Engineer


HTML CSS JavaScript,Web Development Design,Frontend Developer
React JavaScript UI,Web Applications,Frontend Developer
Angular TypeScript Development,Web Interfaces,Frontend Developer
Responsive Web Design CSS,User Interface Design,Frontend Developer
VueJS Web Components,Frontend Frameworks,Frontend Developer
Bootstrap Tailwind Styling,UI Implementation,Frontend Developer
Interactive Web Animations,Creative UI Design,Frontend Developer
Modern Web UI UX,Frontend Coding Systems,Frontend Developer

NodeJS Databases APIs,Backend Development Systems,Backend Developer
Django REST Framework,Server Side Development,Backend Developer
Flask API Python,Backend Engineering Systems,Backend Developer
Java Spring Boot Backend,Microservices Development,Backend Developer
Database Management SQL,Backend Architecture,Backend Developer
Authentication Authorization APIs,Server Systems,Backend Developer
Cloud Backend Integration,Distributed Systems,Backend Developer
API Optimization Scalability,Backend Applications,Backend Developer


Cloud AWS DevOps,Scripting Automation,DevOps Engineer
Docker Kubernetes CI/CD,Cloud Deployment Systems,DevOps Engineer
Infrastructure Automation Terraform,Cloud Engineering,DevOps Engineer
Linux Server Management,DevOps Infrastructure,DevOps Engineer
CI CD Pipeline Setup,Automation Systems,DevOps Engineer
Cloud Monitoring Logging,Infrastructure Reliability,DevOps Engineer
AWS Azure Cloud Systems,DevOps Architecture,DevOps Engineer
Container Orchestration Kubernetes,Cloud Automation,DevOps Engineer


Cybersecurity Networking Linux,Security Systems,Cybersecurity Analyst
Ethical Hacking Penetration Testing,Security Investigation,Cybersecurity Analyst
Firewall IDS IPS Configuration,Network Protection,Cybersecurity Analyst
Risk Assessment Compliance,Information Security,Cybersecurity Analyst
Digital Forensics Investigation,Security Incident Response,Cybersecurity Analyst
Threat Detection Monitoring,System Security,Cybersecurity Analyst
Vulnerability Scanning Tools,Security Testing,Cybersecurity Analyst
Encryption Security Protocols,Network Defense,Cybersecurity Analyst


UI UX Figma Creativity,Design User Experience,UI/UX Designer
Wireframing Prototyping Tools,UX Research Systems,UI/UX Designer
User Interface Mockups,Creative Digital Design,UI/UX Designer
Interaction Design Research,User Experience Testing,UI/UX Designer
Figma Adobe XD,Design Thinking Systems,UI/UX Designer
Usability Testing Feedback,UX Optimization,UI/UX Designer
User Flow Mapping,Interface Strategy,UI/UX Designer
Visual Design Principles,Digital Product Design,UI/UX Designer


Drawing Creativity Photoshop,Art Design Illustration,Graphic Designer
Illustrator Branding Typography,Creative Media Arts,Graphic Designer
Poster Banner Design,Marketing Visuals,Graphic Designer
Logo Branding Identity,Creative Visual Systems,Graphic Designer
Adobe Creative Suite,Design Media Production,Graphic Designer
Digital Illustration Concepts,Creative Storytelling,Graphic Designer
Typography Layout Design,Graphic Art Systems,Graphic Designer
Color Theory Composition,Visual Communication,Graphic Designer


Marketing SEO Communication,Business Strategy Sales,Marketing Manager
Digital Campaign Analytics,Online Branding Strategy,Marketing Manager
Social Media Advertising,Marketing Growth Systems,Marketing Manager
Market Research Consumer Behavior,Brand Development,Marketing Manager
Product Promotion Strategy,Digital Marketing Systems,Marketing Manager
Content Marketing SEO,Online Engagement,Marketing Manager
Performance Marketing Analytics,Sales Growth Strategy,Marketing Manager
Brand Positioning Strategy,Market Expansion,Marketing Manager


Accounting Excel Finance,Money Management Banking,Financial Analyst
Financial Modeling Investment,Market Risk Analysis,Financial Analyst
Stock Market Research,Investment Strategy,Financial Analyst
Corporate Finance Planning,Financial Forecasting,Financial Analyst
Budgeting Cost Analysis,Financial Reporting Systems,Financial Analyst
Banking Risk Compliance,Financial Regulation,Financial Analyst
Portfolio Management Analytics,Investment Banking,Financial Analyst
Financial Data Modeling,Capital Markets Analysis,Financial Analyst


Public Speaking Leadership,Management Business,Project Manager
Agile Scrum Planning,Team Coordination,Project Manager
Risk Planning Strategy,Project Execution Systems,Project Manager
Stakeholder Communication,Project Delivery Management,Project Manager
Timeline Resource Allocation,Project Tracking,Project Manager
Agile Kanban Systems,Team Leadership,Project Manager
Project Budget Planning,Management Strategy,Project Manager
Process Improvement Strategy,Project Oversight,Project Manager


Mobile Development Kotlin Swift,App Development Technology,Mobile App Developer
Android Studio Kotlin,Mobile UI Systems,Mobile App Developer
iOS Swift Xcode,Application Development,Mobile App Developer
Flutter Dart Applications,Cross Platform Apps,Mobile App Developer
React Native Mobile Apps,Hybrid App Development,Mobile App Developer
Mobile API Integration,App Backend Systems,Mobile App Developer
UI Mobile Design Implementation,Application Coding,Mobile App Developer
Mobile Testing Debugging,App Optimization,Mobile App Developer